Date,Pods
2022-06-19,3090
2022-06-20,3088
2022-06-21,3088
2022-06-22,3088
2022-06-23,3120
2022-06-24,2910
2022-06-25,1210
2022-06-26,3090
2022-06-27,3088
2022-06-28,3088
2022-06-29,3088
2022-06-30,3120
2022-07-01,2910
2022-07-02,1210
2022-07-03,3090
2022-07-04,3088
2022-07-05,3086
2022-07-06,3086
2022-07-07,3120
2022-07-08,2910
2022-07-09,1210
2022-07-10,3100
2022-07-11,3106
2022-07-12,3106
2022-07-13,3106
2022-07-14,3120
2022-07-15,2910
2022-07-16,1210
2022-07-17,3120
2022-07-18,3120
2022-07-19,3120
